"x","y","z"
0.530991793979634,-0.601746598432504,1.16312197607161
0.0320551054558634,-0.139602043808864,1.78895828795251
-0.201813757436503,0.982838200421438,0.220554387356459
-0.191867234168735,-0.505591880767771,0.0374003425984219
-1.13388197352437,0.183307128234725,0.258072635355114
1.24496853104407,-0.777438403088981,1.3546374058454
0.0469593703358483,0.633480469683501,-0.374803704035804
-2.39291262530778,1.37118174537089,-0.379347793748695
0.655501022986684,-1.41248286422675,-0.0754227682381131
0.0845990586557704,-0.87199942778727,0.238599750178564
-1.83603542713429,1.01441027799908,-0.25107827945274
1.10853841332333,-0.233168879953676,0.424971371080133
0.920278372748426,0.288023053670763,1.77008545736879
-0.228286058951852,-0.478984519708177,1.21434352946706
1.95115793643134,0.935447722865414,2.04290565300407
0.259002442151252,-0.705106102319748,-0.623306623732196
0.173983305851129,-0.628522439827561,-0.159891168395381
-0.365044091135071,0.540679876539387,2.9061894032811
0.618343164743971,0.0789150398132911,1.48245354824708
-0.846220190636298,-1.34792103912908,0.163701891116814
0.297086866046649,1.7165807786443,0.368013670631826
0.105354877269518,0.205989357649285,-1.73520072335005
-0.585086797958711,-2.18291683805859,-1.48789083610953
-2.25902130789487,0.239689229465451,-1.99617399149661
-0.496010940453371,-0.997095421407143,0.608408498168562
0.632148916165812,1.14648002579393,1.62425193783232
-0.582039599742927,-0.753679228481691,-2.2234536795631
0.61878247058685,-0.769498296760823,-0.319205703505573
-1.00378063277042,-0.718119986159875,-0.0554938953816477
0.202211522086059,-0.429864233283015,1.00003115313367
-0.247902600948524,0.302297889122687,-0.528600888452673
-0.898803079758475,0.561081587613352,0.614946500804251
0.904302815842181,-0.202026731263094,0.649358528744393
-0.318799970313705,1.0822478935706,0.151701932144029
-1.45055646435878,-2.62653412226388,-0.423088422364562
0.340569329221512,-1.83471173461995,-1.72072215020999
0.563829455791278,0.394273902391424,0.235698929745512
-0.250904500027505,0.31988586303925,0.804404239938869
0.290817801782777,-0.092235162623037,1.12776437908292
0.749713326056167,0.233943541631614,1.66614229742516
-1.8777505444918,-1.24267797312329,-0.944595139363297
-0.743672487464441,-0.470466606670522,-0.192261037601395
-0.911357489270766,-0.58138780760129,0.796490338283084
0.45098807037687,-0.480317549394221,-0.716170262543716
0.0906364661703968,-1.15329320613468,1.25005596007418
-1.07449090026156,0.737149290618333,0.816038730156238
0.163468826871222,2.0824561257409,-0.719319938685451
-0.947937849939402,-0.561545282114668,1.72647334732048
0.898280026916506,2.25873402701667,-0.571966618755403
0.645461463769463,3.1837742531438,0.801191997997383
-0.399406829941797,-0.404645548124274,0.908833084082566
-0.84527728584469,-0.374564753142865,0.0271745025444547
-0.107364732173828,-2.53569956940866,0.649935495170539
0.212696858349876,-0.273178756096304,0.266684372344254
0.320371571570267,3.8552646971303,-0.762888416086589
-1.45785929361092,0.603525354687132,0.0898840131014005
0.360527736413949,-2.31336481857508,1.77426992649645
1.07398884336188,-0.47388134511061,0.805786735940969
-1.82778598332652,0.873564129295104,-0.206342386162724
-0.916471850841542,1.00347368192216,-0.797753361058392
-2.04684727353646,0.336129024017207,0.32857301097526
0.135776809248746,-0.458560904517356,0.354265371219074
-0.662597939247554,-0.464407640547608,0.268069942771334
-1.36207096718889,0.0338233003344532,-0.515206062597458
0.341131102389214,0.0619344582198042,-0.108892078224613
1.43998223114467,-1.59099299381108,-1.40503198549029
0.37074427151223,0.887586630337976,0.112719076927281
0.213961724845804,-0.886483555750089,1.51218176308557
0.424334204265398,0.560662564647157,-0.878132891755917
-3.02654287719464,-0.0931033825059225,0.209151126491061
0.587515856130836,-1.22070986517327,-0.273558511588575
-2.0468200115493,-0.433514874389692,0.429773420768272
0.399510500344317,0.379879534882273,-0.390964380777655
1.85703502104263,1.85756657272858,1.65053685316271
0.507093672655639,-1.24482050994833,-1.29254844411116
0.640203216817128,0.90736392247438,0.536206560581164
0.732460897893036,1.49603642267028,0.334268082457276
-2.20280639084584,0.213557933195364,-1.02922411046645
0.218421256486664,-1.83961421686367,-0.212504511623902
-0.42050806103575,-0.282542497519686,0.889123694056185
0.135246764775691,-2.41797547594259,-1.25579233403615
1.26998462829155,0.0363859585771166,1.49744590216577
0.196793188360967,-0.179413407955213,0.650442216202694
0.393968647502753,-0.22535130426019,0.847054512421175
1.32684462689231,-0.858525571440679,0.753317673509261
0.373827932792174,-0.143211848370477,-0.720580253007978
-1.60368989909518,0.137983002663573,-0.309650819930315
-1.36822067137969,-0.405538176961599,0.38755606036083
0.494664648077376,-0.424451635862522,0.425452976953603
-0.492300777181729,0.866651377815932,-0.0242381997506121
-0.3689575802507,-0.358270059545478,0.119704868450755
0.84102634187881,0.836749088584881,1.55149436285646
0.266473433369372,0.505326330514808,1.02819543514245
0.0385056885246332,-0.86162021427852,0.377018387523362
0.635881186409222,0.422206140631441,-0.576224103694366
1.07494818558083,-1.91509797834467,2.81704889768821
0.579560710269502,-0.0199536322358721,1.18327144096879
1.97085695644868,1.10005211427883,1.3035973533869
0.95255248812396,-0.830893971527189,0.6029434545013
0.421979787202639,-0.399361603173974,-1.24979542435232
-0.172745395403717,0.514914316479104,-0.0513981963395352
-1.22670389717386,0.729844270785149,-1.52279730681547
-1.32842765319554,-2.03847578886355,-0.754678815206594
-0.712678322212525,-0.277376232382901,1.88797842348212
0.170763750485548,0.868414007445229,-0.0378753257357759
0.499118364363059,1.63340137394169,-0.888096656986902
0.256969216014674,-0.71441457598931,-0.113658317283344
1.09569827056994,-1.04554131322855,2.37389213640632
1.04377621213391,0.614795359468175,-0.640453671637318
-0.554728504969035,-0.897462277930751,1.84309323714644
0.0623462794284201,0.31232149231691,-1.96435313238435
0.0249255471752502,-1.49471796475036,1.08516705188225
-1.77643875654824,0.676234614436882,-1.34604354848322
-0.704057876485615,0.234502438494893,-0.154145873169163
-0.881828516331879,-1.65206944559626,-0.73653591568664
0.143309346058817,1.52525099181806,-0.100757359270602
-0.388045571911775,0.000653572225858755,-1.63205821069948
0.151359170956624,0.143462621276367,0.283026199326016
0.145137671035701,1.74410250123004,-1.22706191963805
-0.0656023559055779,1.79029766212242,1.09711162884123
-1.32292568503615,1.30408876640372,-0.965882569731903
0.707734199388173,-0.293269886130364,0.497200958600513
-1.06554357620684,-0.0815255801059198,0.317410267849383
-1.47883453779525,0.73378704791366,0.117678002050985
1.32803104266864,0.862276097865341,1.76781373543831
-0.628844701215241,0.304116867864845,-0.74965474978161
0.549243140371706,0.689492721932473,-0.110799314526658
-0.228203569859565,0.0628550382367874,0.346163795151905
1.56292519162351,1.56967673047693,0.510242750889815
0.143643624854902,-0.433273110629278,-1.67310901704657
0.929233495948577,0.87687623918913,0.921701732862136
0.453308245518235,2.88358482898445,0.51901424342357
0.206689466157224,-0.505013951079929,0.715936276575713
1.07662800212128,1.10458690981288,0.571404507127936
-1.11987815681836,0.350996233498921,-0.919912711555984
-0.317408983009312,0.951644122557255,-0.32272535777792
0.435558854285731,0.971809194144205,-0.915584134005935
-0.430552077518488,-1.22158497486908,-0.886998606215624
-0.44431842678091,-1.80263661628211,-1.79619687371372
0.832323806137084,2.03298548462738,0.801257197235767
0.0943041216058558,-0.630650403411538,-0.16422119736353
-0.783050662356613,0.608483756998262,-0.643969943011922
0.793093087408033,0.035450693204612,-0.451858518330817
-1.89776255139683,-2.03523901390132,0.206099723420801
-0.638302423776667,0.853087971097979,-0.212740019377333
0.653230296356895,-0.424943357243621,-1.68579270631191
0.463160406366069,0.0237048288989313,-0.369296554905714
-0.306275207188618,-0.336042413179041,1.86075789573536
0.692906846376288,-1.5914492632931,-0.452099942428802
-0.109274481430256,-1.49811592787114,-0.816397627083774
1.23893938846781,0.963407068595939,0.809934932279026
-1.62032868471743,2.22148879123073,-0.939845756411291
-1.89406297691619,-1.39967478076848,-0.926778051987763
1.33858060960359,-0.445577072092855,0.131678058580963
0.280657921712523,1.51321233228787,1.66110188599376
-2.0781904348711,-0.21634422995522,1.11599409674696
0.209076763530001,-1.48537971229107,-0.193736518805678
-0.348068574261756,2.26307637743925,-1.03339132285993
1.29419650006597,1.07041804876411,1.23756614135376
2.60690751134704,-0.885729624277539,-0.451446093667233
0.454283584872891,-0.15521028494492,-1.95930941602432
1.39837981117901,1.10754847092189,-0.324297150586383
-1.30405270409963,-0.187473648582161,-0.139063078888563
0.652902555040776,0.186071212456759,-0.463128400677108
-0.261078796340452,0.293226162037591,-0.728849132008444
0.624166173568529,-0.349814671508098,-0.360343187904722
-0.51608094141655,-0.0734848451922863,-1.67622459168734
0.402090185242661,1.10429590060358,-0.727693996001114
-0.62716810953051,0.586546013845218,0.566867786233109
0.964682277755908,-0.851209200409067,0.699064386791249
0.443449476839338,1.87766965693572,-0.300644696420339
-0.308899972244698,0.591966843332763,-0.929706126873248
-0.0138028936755504,0.39752756623989,-0.626192236058394
0.158742037608875,0.307261092360031,-0.498428427703477
-0.726773143229279,0.013714511761702,-0.116971392659334
-0.38939506360545,0.271922356424505,-0.286240363130976
-0.43262965243743,0.503585422155043,1.22177963070361
-0.767531881101847,1.3105492673863,-0.636188515493413
1.49791896436144,1.24176962402753,-0.659905342893928
-0.578186734120333,-0.843262269401567,-0.726172589019387
-0.950558875506131,-1.74336227665152,-0.087318556722341
1.19621674915531,-0.815504574179883,-0.969742126212681
0.150835610025864,0.817693901991967,-1.57454748581046
0.531781089516383,0.47198239411268,-0.326781106676416
-1.54467064773775,-1.18187593077739,1.18427158235116
2.00485935761129,0.853395854275493,1.17155552830718
-1.13122942820015,0.0539299038767982,-1.32503354977689
0.274379664684077,-0.330514777599067,-0.409630997179272
0.988271860042645,-1.1136979587823,1.94753916234879
-1.1302100988363,-0.128701044910084,-0.005850951202011
-0.805722346522406,0.656350501707546,1.81213833938423
-0.996464562692601,-0.594866237673391,-1.04897884036185
1.25442007977616,-1.5542951733599,0.11838751363428
0.720776575231881,-0.387562947944697,0.784911409411941
-0.694653271986205,-0.0134599650934633,0.236806436073868
-0.0308997389992381,0.121464682225993,-1.3249720051346
-0.116730977520608,0.727980562977625,0.82792708710559
0.633218527889323,1.07208689030235,0.521746665455655
-0.0288360606579221,0.295454469924843,-1.00734877360782
0.545935439425407,0.342791092532588,0.304723579709996
-1.45993010139225,-3.09188778175302,-2.22859354599506
0.322921396976483,0.333172135324775,-0.599006723926837
-1.15728817543892,0.836058446785438,0.965396491263623
-0.915623317352199,-1.58823343573484,0.387094071303137
-0.361291837080265,-0.743157739441636,-2.65857689126003
1.65315921759006,-0.711021607499972,0.277972823599826
-0.602323198181645,-0.457418824201664,-0.440723915704333
-1.14669681080078,-1.18031465427643,-0.00331240126258375
-0.829586182539913,1.1131193732214,-2.33207811024558
-0.152456403703922,1.61285974170198,1.85969558837035
-0.172170661730694,1.10557029023116,-0.640298812655144
-0.19534265230367,-0.693433008160701,0.04285754152646
0.301158956315204,-1.35733658715622,-0.896537668916846
1.12814912594919,-0.252166845611755,-0.444776527322789
-1.01564558639038,-1.23232195559907,-1.17750465888372
-0.223938358876379,0.0126249056917537,0.588574290116925
-1.32824808848427,-0.0993134438193708,-0.612225820093984
-0.309870800312889,-1.21403108419737,0.468946041168765
-0.585566803898973,2.046573779964,1.76994292055681
0.152716595433954,0.940431467615757,-0.230821590335438
0.238971443383479,-0.0534854035669469,-0.586716854413388
-2.87992251451397,-0.232398378403124,1.2484688102432
0.677117779960424,-0.0608304369300597,0.783785005940228
-0.425174940926048,1.90725768655638,-0.139275698615926
-0.341275857291631,-0.581784769762988,-0.150350550182025
-0.607366668008458,0.428091978416919,2.37212426196653
0.404182471594951,0.471633328536621,-1.55042824436602
1.24509423380181,1.51807990538478,-0.0618745676956501
1.26007495506858,-0.153806969218336,-0.801874017195737
-0.328210951827947,-0.322103324222897,1.43112819676417
1.69088089600473,-0.767899709175108,-1.71169249680937
-0.417549840299013,1.27806079501093,-0.0703070390632623
-2.27938500036379,-0.508207437552779,-0.0121081809165822
0.659061326750603,-0.145934324574369,1.24243525955988
0.1716735436268,-0.838363695334876,-1.08090012159213
0.939993312945218,1.97956275972365,1.22509538233087
1.5983200732495,-0.363421350865896,0.280689767242987
-0.870341814700572,-1.31197958123997,-0.444418834382045
0.721257648555498,-0.397712213434713,2.35452364713754
0.97013632921336,-0.897229408705956,0.840129288557772
-1.96909157810852,0.46664641297113,0.308928375796256
0.636198554741523,1.70604444793927,0.277067889473793
-0.210775052501328,0.552997950882655,-1.11941991419819
-0.991072110148189,1.03972472260902,-0.80299232343645
-1.22877776218101,-0.651093051554202,-0.643327608022499
-2.43340772209051,-0.673684275338407,0.592366483471679
0.0491799680640015,-0.523052885268958,-1.14616681600843
-0.653250945283329,-1.28373499306855,-2.60461248774977
0.210260215691073,-0.684945149142403,0.81445740370773
0.410020291325603,-0.574571110392352,0.743518111493969
-0.52469075979377,0.02566409724456,1.90172705374445
1.95771281491158,0.344948461386569,-0.0425062140819452
0.165515733376085,-1.28011282666579,-1.34418853752957
-0.351154491402059,1.38956178158783,-0.775496680924222
0.3804219666008,-0.950331183268134,-0.484343947722879
-0.248630562574693,-0.00717759670724757,-0.812677597695475
-0.285457906383399,0.924221486778419,1.46756068340435
-0.609160471429515,-0.320751153133168,0.839010130234936
0.099819665830077,0.755307577328584,0.0458949323587014
1.01190677044986,-1.28785338525334,-0.0987921966036971
-1.17686617087296,-1.39163283603955,-0.990963013580643
-0.184716572605448,-0.70472704020892,-0.807798257236076
0.976810044288794,-0.763267724655329,0.277273229239279
2.43208579403046,-3.33742590281408,0.847743891929433
-0.169780723924454,-1.52487901374174,0.225276106561867
0.507982278005238,-1.47862867332196,0.485437138973898
0.90527310692469,0.139686483104308,0.128764050519703
0.418121173044881,-0.925257090444834,1.62944963629198
0.704350908603441,0.69419610807017,-0.235268397558987
-0.00913653749196236,0.0928425183035938,0.418310573050414
-0.433269442721609,0.757135538651276,1.52346087087271
-0.203668328612201,0.155517390341805,-0.801473900421519
-0.379744649122382,-1.06261805319188,-0.928693808917704
-0.328921750223266,0.100887151740252,0.81240375355673
0.259795596893644,-0.0225225607764081,-0.551902884211599
-1.35756890160912,0.647088009811352,0.0553694269635474
0.977907490350298,0.559682808096874,-2.2662715456791
1.82318479606733,-0.175369436895496,-0.755352149146672
-0.784697918586736,-0.239951365702624,0.368949866501846
0.198156601309361,1.0710038397641,-0.573136553224908
-1.06423764178168,0.132562468260506,-0.797908774004365
-0.391947445932046,0.767823235379484,0.0691964131583247
0.581556804204966,0.890431143073125,0.271573984836793
-0.735290506777858,-0.0534144260548888,0.0300053907730712
-1.00690433199296,2.10118818794043,2.06865489980489
0.651908898594887,-0.605809430049923,1.71320624877354
-0.514092516540436,0.590037338963557,0.795299407999397
-0.905005402116472,-0.524169341958778,-1.42566581051991
0.805485810370285,0.301898758016277,0.891324491631358
-0.0712513897902679,2.05336358579372,0.99223570961833
-0.908072937924923,-0.0758123769870309,-1.18744516628546
-0.581926800454209,-0.54338945680724,0.610033603810662
1.07566824180994,-0.956168089787921,-2.69145384266043
1.59879955688506,1.08620317677288,-0.782140585814797
0.469751240680775,1.0092309871785,0.379022057798235
-0.182077704574344,1.19181802638671,-0.871635112031599
-0.810809730381002,-2.67073638663422,-1.35050475903454
-0.0551905439805425,-0.304361286585247,-0.387681129681369
-1.06558219304389,0.500113792842742,-1.03243834146086
-0.773925468719542,1.98640606157887,0.651075076103508
-1.80032254813882,-0.0147209159044501,-0.380298616168374
-1.25671105056779,-0.835398370277435,-0.147151887835433
-0.322359972676134,1.21312264041466,0.760515139693227
0.726198357072512,-1.50165566111197,0.368420104488463
0.994547567763231,0.880815492191874,0.376895988562954
-1.26376716342454,-0.643589355504957,-0.151260353937308
-1.15125549298185,-0.454060959926931,1.32212589544073
-0.779238413783519,-0.28641874172479,0.528937468256954
1.11907258146498,-0.22120816549533,0.532102117775767
-1.95573433894414,-1.95863558529884,0.634399279493018
0.296913347649251,0.94180284198106,0.413995095643394
-0.54631744003146,0.148862477405101,0.287564903676236
-3.77876915867353,0.230251053603941,-0.986759282134944
-0.655294724118429,-0.490325871189148,-0.663258707088497
1.92753373025657,-1.30355744226541,-1.18141623083672
-1.35850909408327,-0.681940329707032,2.39098968077028
1.99477774922939,-0.321243569024717,-0.218167743676648
0.465683239091407,-0.907225319239913,2.01010593568084
0.121582623637393,-0.969941243041949,-0.869720379481918
-2.17687956458848,1.00918557810098,-1.49999907962886
1.74279659480072,0.573091382739307,0.745924190025877
-0.966234087760813,0.715949424565982,0.230114893673439
0.306551335838722,0.81312882104974,-0.487263137333396
0.894975979717084,1.05631980211788,-1.33675757386165
-1.58577525870684,0.25333868012081,0.0608052146062628
-0.820759666970192,-0.56044254853827,-0.380608775923998
-1.01634108342562,0.72723047530146,0.972664020257405
0.310689353707717,1.54573471568409,1.15451143377379
-1.29755664886183,-0.275594303600408,-1.88730981055022
0.177118035104652,1.33216144274621,-0.587932552784868
-0.449309606912112,0.902285223969328,1.80899664885961
-0.217142166008868,-0.098876246058714,-2.06688002390571
-0.0941831022966802,-0.281404560124827,-0.31386164344031
0.082596024823557,1.48386796749454,-1.49029488495051
1.74753867048264,2.94663073266742,0.0265785909129535
1.03491117116163,-0.710674241689382,-0.2812939832757
-0.608455038562986,-0.896129575786372,1.2990448684489
1.06823702863105,-1.05954982044779,-2.27081550757348
-0.03766487401758,1.77209008558442,0.256132705138227
-0.372048155602374,-0.858936821908073,-1.03538378607219
0.530326123851449,-0.249580359976715,-0.737574502327254
-2.22160294603667,-0.161587892552296,0.457085487875825
-0.0469736665449441,0.721645886069624,-0.386521714567937
0.753853439560317,-0.716003197545001,-0.216430925337252
0.0630542586640687,-1.7678689219662,0.82828964627368
-1.64454958885634,1.98920564480048,-0.801697040338995
-0.861239389448304,-0.462427092528129,0.353860834580695
0.482428624280344,-1.37145788354217,-0.52460635108805
0.733867975542576,-0.587256782483072,0.0129270929416224
-0.223747381478798,-0.132319745890204,-0.0483654864852305
-0.596118014864809,-0.831166575274629,-1.6930678904233
0.609330786057615,-0.375058243562519,-1.5229431883587
0.331672895274399,-0.270464935398501,0.255283497636635
0.167696831631311,0.793393072628501,1.22173287524167
0.0713878631784033,-0.445046724140206,0.136858517791051
0.748068247515839,-1.00765665062933,-1.30941352766701
1.30273601914031,0.309390013984523,-0.0948440594782538
1.55492353216579,1.26490817197896,-0.712963891950373
-0.93694621293486,-0.311505271422127,-0.166517893104604
-0.74215944673348,-0.322759666897031,-0.410128281995085
-1.32969422039925,1.89407408942031,-0.255581199351064
-0.482129816874346,-1.70434827751304,0.253422497684394
0.656169326021541,-1.99975625553184,-0.452857153352305
2.68181413822209,-0.0485027037606118,-0.109562213707277
-1.24603868500414,-0.989079476670664,0.24786057789966
0.0812630608105385,0.401490008583963,-0.226304267966229
0.257424151346014,0.635150183663518,-0.363476770981523
-0.744353713706714,-1.21725992072864,1.6027488182999
-0.449372788072613,-0.181057867026491,-1.0642934995332
-1.19937395207543,-0.874694853234454,-0.137845064210046
-0.732175891927956,0.80218107994012,-1.64377529914124
0.371308223003676,-0.395580920631066,0.781682482852118
-0.679458898180528,1.21663071882372,-1.90827132746593
-1.46420525974404,0.116450701267557,-0.832345235247571
-0.575435229383513,0.142057937593159,-1.32395728538726
0.709348627298921,0.431148039553085,0.201502813044084
-1.10068243596492,-0.144268718444714,-0.334500498059058
-0.643521264749198,1.6635645778341,1.17151457788358
-1.1517292138584,0.227316540157504,-0.228022135246277
-0.602446769577298,0.200131012994338,-0.557021457754871
0.389019068960464,-0.97606996599017,0.82729575025256
-0.474423056879816,-0.188735946037534,-0.392659325751967
0.244347157932466,-0.94220710558032,2.82804664471164
0.381215800765635,1.7418348594874,-0.28912987752514
-0.10941131707007,0.808184629352904,-1.62597924852351
-0.0933616603143863,-1.47567408330531,0.237209473201983
0.603604322556981,0.446171871628738,0.813459560226054
-1.40859248615142,-0.402213356167264,-1.55843947056642
-2.23291072186276,-0.365751136040486,1.71656531475809
1.10511657664158,-1.35305329217822,0.197844076485587
-0.257476793179348,1.93851485055924,-0.22522684531602
0.521821940051022,-1.00170351798585,0.445757854107942
2.4782124086556,-1.52501173117763,0.203802714820933
1.18367516061283,3.31446071233483,1.44912633253209
0.558568471183133,-0.279972502117704,0.0347242985228598
0.196743537312664,0.0202716027710038,0.0604606586424142
-0.162647197959284,0.624003496237141,-1.37494046145462
-0.116750650808415,-0.0235587412934655,-0.699161213053333
-0.96538104572763,-0.358123843999195,-0.0526956659706877
-0.781945395007253,1.23822298731828,0.945303282187373
0.786420554027573,-0.693365873937592,-0.290375028485745
2.76209499678663,0.125389440254819,-1.01122116576356
1.58027277021523,1.03268649409849,0.41895536551722
0.315782562237206,-0.248801815467965,-1.76021678586098
-0.0739390085841069,-0.859555462368502,-0.817403209155276
1.33759398384845,-1.99281842036777,2.7328772071344
0.450092996022664,-0.521330128024242,-1.29825930981473
0.731394164582016,-1.71377655766014,1.0774120128077
0.113945795648356,0.642064400622458,1.64231839073384
-1.61635672017155,0.332730950795067,-0.478471888708058
1.07307189767114,0.215023544828926,0.107647011927296
-0.110021764904398,0.0913955109220806,0.390060170070527
0.0892675346582817,0.0648131281130876,0.879095702271673
-0.537694399994331,-0.195172979491626,-0.30446908549229
1.16719854718688,1.40814888592182,1.71868109971674
1.56024223890917,-0.281792738079941,-0.942328894604662
-1.20701370409547,-1.06467909649185,1.50943415275949
0.882935060963339,1.29172860994921,0.789914177094866
-0.528286192319524,0.828016181800625,1.51042907261789
1.07448280904809,-0.413466348082997,-0.914827786439996
-0.737601685677918,1.1735325005814,1.93248739242552
0.557238865849114,0.260885783565684,0.428041239109233
-0.855584931541544,-2.70555897065623,-1.20571239837972
-1.46362585167021,0.125652493282201,-0.00485225234339299
1.51789228441568,1.19768200725926,1.51785329692738
0.542619837891658,1.6472393849818,1.85197634598136
-0.193906146466622,-0.114227743931837,0.29660721134919
0.0574553994619305,1.3605376224158,0.524539016752674
-0.160796639895386,1.05297704988604,0.424053315138304
0.289291151278853,0.538756307318294,-0.905490956428555
-0.814593181465112,1.04217222959201,-0.707642908002355
-0.0496087973352193,0.791537459936182,0.919609100641144
-1.14903306017746,1.65776123511672,-0.0637671240022487
1.51708932520079,0.704930051720528,1.00313143954182
0.647820877268709,1.69705849850503,-0.137265165692138
0.969745967126389,-1.08472644682738,1.69147888874775
0.147446072958018,-0.620696556849968,-0.929513372637303
1.15545989531234,-0.934414133967939,-1.46036359231988
0.453086881997534,-0.267919889479637,0.575393736923802
-2.05830364026824,-0.595237648113759,-0.289177091995968
-2.2458034903692,-0.0407208059791857,0.153082169054423
-1.12151651259684,0.178458605308827,0.897492429399485
-1.39829876626884,0.708707745867858,-0.0112138519109799
0.3311591216699,-0.550681164398517,-0.700686497154138
2.58046312754979,-1.86288327518556,-0.953229639957544
0.675188154716222,0.815891446147753,0.418014322820423
-0.962352417193935,0.530180006201201,0.794815421992332
-1.35952237378141,-0.433307925591261,2.93790097700178
0.747750179378872,-1.38710397796633,0.131261530124266
-1.16219738928596,0.711135127166024,-0.644544290160523
-1.15730374391126,-0.586969606162634,-0.395368258392344
-0.725163509110516,0.266183159381385,1.06254893936646
1.36250927035136,1.93471289357705,0.978591070063544
0.586410564278928,0.00113797694384552,-1.49144669403466
0.0526101635393658,-1.92330295516666,-2.01675049484652
-0.821254734475546,0.172566987436244,1.34194224355222
-0.430339112341935,0.291434621703177,-1.24933528006438
0.221411016773949,0.696600269372932,-1.32933407859467
0.570411951748835,-0.212186744689784,-0.779875368908184
0.544167661586899,0.649065942996623,0.620945896409397
0.0863933825865443,0.409630279156753,-1.04176829562666
-0.2676896981317,-1.26402665775103,0.00230261315998083
-0.273846893688767,0.259381386115505,-0.574215742929613
0.025075884478803,0.167676396623354,-0.386536003772706
0.0466303477189493,0.557334870851537,-1.75149406863997
0.823710398190981,0.988716137595151,0.64314969336072
0.0322621006315987,0.110077531499371,0.0282633229815187
-0.583163417524981,-1.53807208199178,-0.0395292605041849
-0.629823158861986,1.5149365057635,-0.848979882921691
-0.512096125664562,-0.593872283680175,-0.226632219413889
-0.743695950078433,-0.61441014880828,2.52875345290813
-0.529572435687997,-1.42144862408741,0.226538929310751
-2.65382087684256,-1.29233716504148,-2.36932632621239
0.331511088123954,-1.30900500865553,-0.230919175650421
0.527413659235234,-0.489350122650487,0.852165077656981
0.422990674553489,2.223567417013,-0.96283809571024
-1.52000322701553,-0.15496561413197,0.0900560340177395
-0.261210214286812,-0.380101422670311,-0.412146008917533
-0.923213683582934,-1.88038556555312,1.34604503005739
0.811104622356528,-0.192213578143579,0.106801454205704
2.04437642910332,-0.152431930609154,0.793187765702287
0.563309159618034,0.293057045277218,-0.708055339719638
0.195948404323176,-0.175466597010816,1.25618427775154
1.91584074136898,1.06875744722139,-1.10571628082807
0.0936417184017432,-0.874811255008661,-1.20560779353446
-0.191063533454168,-1.93918208472188,0.50142458640703
0.769884236723721,-0.195155565606881,1.50903665837803
-0.460911420113974,-1.4009325444437,0.679221360736155
1.32209045919325,-1.68649744369303,1.32206847893968
-1.32564323281978,1.408300991889,0.388131135623269
-1.90631005037196,0.0966830638215561,0.99644379996198
0.095036873241444,-1.04225957211199,-1.29432910221861
-0.662716162011855,0.297658887406455,-1.23147528446161
1.14260507561896,-1.23017894646575,1.23966438485034
0.778884061785186,-0.750485705474576,-0.587504391261293
-1.79978080208541,-1.36034293040012,-0.302904047265523
-0.133219772338565,1.25632251273505,0.32387174406047
0.0888415669463292,-1.5307725868445,-0.254734023710726
0.056777110586479,-0.433228150259835,0.512341954625291
-0.209125331768787,-0.456092506950482,-0.178876033470885
-0.519249149548481,0.495581865431388,-0.840623952281004
0.640282399597177,-1.01561323233803,0.940100884737257
1.07570949106166,-1.17077912188104,1.1505147685965
-1.30278896508279,-0.526676297750755,-0.460916555207563
1.74668316768437,-1.24001865821772,-0.351416324922849
-0.816457001306985,-1.41662187931957,-0.0644691729283553
-1.33586167831996,-0.335142441308164,1.15905609264127
-0.312820543744086,0.361150882609061,0.717556432418696
-1.71049142112095,-1.05224917478913,-0.248870731798624
0.294959977721736,0.932813039828297,-0.136538575200505
1.50739545308789,0.973572159567952,2.24633413849345
0.440738114538577,0.51315052256724,-0.0187641312359773
-0.263224575519415,-0.000359350278951454,-0.829544756612225
0.267598416476577,0.505307870709297,0.12605362112331
0.486533256702181,-0.803350434414769,-0.731346326084065
0.32320102373593,1.70820358129862,-0.0203205914144991
-2.60844069825406,-1.0899366667017,0.0144452091363729
0.396921487178612,-0.863654674066688,0.0923060082595246
-0.131175344246615,0.071863874567585,0.0346280501134635
1.31963103569196,1.01063906864376,1.58470548817677
-1.02284376358198,0.305879836275652,-1.35154560745901
0.401957791521418,-1.72063736394329,-0.134383707595941
-0.876951577833359,1.04564288150769,-0.666477861816112
1.03894960406775,0.647093560298041,-1.73149718880326
-0.453208016193616,0.30460122652502,-0.161028759630485
-0.603450334223204,0.327573165852312,-2.07861945378029
1.78842144067439,1.50607896167199,-1.26824550535612
-0.161163443522416,0.408813315384339,0.219024801144521
1.1885333768817,-0.344510801433181,0.857476817817189
0.369810457410202,1.06665380866402,-1.12374631564005
0.573562946010488,-0.322313667886512,-0.152067510788695
1.70613703422817,0.931893076040233,-1.31426347481442
-0.0758925333806364,-0.229469259057133,0.285084413908495
-0.317845458718911,1.09388623286938,-0.86487375989523
-0.407861570987925,-0.104250948745885,0.473852970195715
-1.28302856741193,1.03454867539183,-1.4761435331036
0.239602788847973,-1.06692115203153,1.68999808102709
-1.17515194156922,-0.915746068069083,0.32768240003162
-0.651602172201127,0.197677772869729,-0.921020609650622
-0.965135426998398,1.28069123630045,-1.12995194438376
-2.02020642938736,0.302499445650408,-0.198178716434952
-0.00931954479666084,0.512097779755117,0.247587985273659
1.01116327969842,0.172010744346994,0.753888710940334
-2.16627522681441,0.598931596755615,-1.70887575750979
0.131035174525907,-0.41961257802315,0.547935548454648
0.566991485459904,-0.71567192061531,-0.762375182627145
0.521745972529044,-0.659404102681283,-0.74319444411336
-1.16520169998517,-0.0556753320411208,0.348420201327566
0.601868558997009,1.78452029275891,-0.459736811090863
-0.481416967755463,0.459590727132556,0.406317052993462
0.3477567871337,0.140725810716261,0.0253944960012495
1.3723968507699,1.82223039761857,1.69936663931807
1.37661437347926,0.482263959014776,0.673283979007451
-0.848193050380505,-0.321744372040634,-1.88922056509099
-0.115408353151354,-0.267965710775053,0.446088871551657
-0.536317717465217,0.557007853071559,-0.83917809138245
0.535266141407841,-0.497506870146067,-0.33418154079163
-0.886468131206456,-0.970020773113976,0.445632212158078
-0.0105583151311765,-0.0599241714714214,-0.420532565122151
-0.710793244287535,0.461234687662389,-0.0417487468087046
-0.742779156057533,-0.266524869893527,0.203596575364176
0.123258388333595,-1.69032846083308,-2.1905742850104
-0.873447386099682,0.168789574070308,-0.511049579284398
0.091347888787688,0.337273675720412,-0.428426757172762
-0.114453501210553,-1.59396302485183,-0.56320523243997
-0.0321146636573697,0.621115741535408,0.397281753281233
-1.02065200619172,-0.0113512804998061,1.30693795138833
-0.287574565560746,0.800250328533443,0.0189857583850333
0.309662804837123,-0.628501098344133,0.386272395520398
1.80434292975253,-1.9705679829495,1.39036868028969
2.33874428100057,0.801680878198671,0.135879884484203
0.128355314168057,0.264910480806445,-1.54539877654328
1.26210772001887,-1.25784431652877,0.533322393267997
-1.05474152034718,-0.928104721589536,1.45328151533344
-0.305830399816548,1.1159941538924,0.306319685570903
2.98718094477896,-0.474321739597708,-1.31725085268817
0.325437795960488,-0.319574100276695,0.891419303923686
-1.78326130866438,-0.471345489167532,0.629893004524347
0.67320623253767,-0.878597992433962,-0.177661119688212
-0.0888876549677927,2.43648550961185,0.446901863737681
1.09222222859981,-0.633094446026459,0.455409689687867
0.96628605089438,2.22207955691938,-0.860931263707802
1.98442064269484,1.01326560586828,-0.414365986515302
-1.20722195661717,1.55234172231701,1.07613318137815
-0.569213115144625,-1.73233813929789,-0.822278297642314
0.746487250834834,-1.42039597944786,2.75170995025997
0.669318125097311,-0.85500296251217,-0.33597179869109
0.110866962417896,0.553526469045182,0.189446349708281
1.51460557536257,-1.82010867910375,-0.803672778092425
0.317488353779513,0.072815426897119,-0.133650275858297
-0.677949284231229,-0.628625761160633,-1.2922351050371
-0.524417275394153,0.0332358707620796,-2.68851340706779
0.464138810913112,0.242825997387288,0.745244180858682
0.830909511654061,1.09938404585811,-0.505330804094217
0.0246729299782646,-0.290592361849192,0.373270962146902
-1.29913992147518,1.2574062570445,0.939874093366034
1.60285165589613,-1.57684044969239,-0.900690383268008
0.138144841242812,-1.64507781949396,0.556657463220189
1.5967095330155,-0.12788391783521,1.32840700269633
0.141320595077018,-0.686791226026213,1.99493781600764
0.169506510568426,0.0751249901037356,1.00238911782248
-1.02005045221761,0.45462198543168,0.207295409084112
0.568605137242917,-0.463575482697272,0.793618223252222
-1.01508929359435,1.79018699532537,-0.606486465550201
0.128741232843831,-0.264174511282188,-0.505905676389448
-0.0698704747879726,-1.63588879165019,-0.921521212986582
-0.846517776464674,0.616732536299916,-0.880136766882108
0.633045916510485,0.0121521621082347,-0.218377273955451
0.180390052430911,0.946374899584996,0.842744794342544
0.121784711429645,0.926725934915232,-0.00728667615970236
0.29055064829084,-0.735762733071615,-1.27014922641927
-1.60614504015376,0.323420758547732,1.65564487606467
0.736516194539317,0.503895483713873,-0.939496926698256
0.559360852686607,-0.362269329189359,0.726940024833451
-0.56786483466508,0.121368582724902,-0.841014697566514
-0.562781776832539,-0.429636000408637,-1.44788670132239
-0.336758355522835,-1.22127619384579,-0.534478666265543
0.722690141849746,-0.575967480785233,1.25047267118813
0.370813044251518,-1.17914087317236,0.970445081232548
0.774939335942128,-0.833291509488808,0.717536746414012
0.621148174735486,-0.398685695709274,0.849015639004738
0.749958125095528,1.42128954461509,0.21981424515011
0.957537955402125,-1.30304578924691,-0.147203236378268
-1.58186249411863,0.407292489834036,-0.583836954969153
0.791762286835132,0.110986928627924,-1.23091354281454
0.480073541646429,0.0396050754958551,-1.00424978090099
0.239141161685211,-0.246878695039334,-0.36576573846677
1.20731138622766,-0.0966106274660701,1.08578850068794
1.55038476891169,-1.99602729376409,-0.813623334693207
-0.631850348780219,-1.77490558282351,0.187746160251474
-0.181429597346268,-0.186315135530602,-1.01297285314721
1.04993367408669,0.296544194597709,-0.321781618752372
0.131319917917303,0.983021014448942,0.168559155087848
1.13803550236805,-0.731491019380127,-0.837753535578721
-1.71891942463137,-0.298208668354627,-0.838105469106264
-1.24605299345108,1.48660257067388,0.47393005908794
-0.289391728342864,1.0696964846906,-0.474104839690782
-0.607568217224628,0.972358268475775,0.253653163656355
-0.93993963002858,0.890309741129853,-0.224271199486869
-0.184970841391245,1.15179108418877,-0.311333858133257
1.05079497175411,2.14583465410998,1.08422258573893
-0.983216020606882,1.47833433321746,-2.56126014580165
0.765914333477925,-0.904710834163984,0.551770905242705
0.978319467041048,0.826963702401354,0.216994334107897
-0.619867853957731,1.58614629897729,-0.454772268265328
-0.0544564016159595,0.173518513680858,-1.16514567568414
0.0832055928222862,0.946608114362168,0.0159784483117614
0.27097397618665,-0.580206120381986,-1.03002253148111
0.0963814063721379,0.551098625198012,0.53490944328883
0.251567220358637,0.769904934074745,-1.29426386273103
0.321502926253544,0.276294230939989,-0.109616754241119
-0.113164168224035,1.74771682427031,-0.0610534541291341
0.34017674016532,-0.668220292121506,0.930208018018635
-1.84056392999898,0.437590148127987,-1.74689442240788
-0.754215052057068,0.549127686869538,-1.18229511786718
1.34267911494027,-0.732111455552346,-0.786276704174872
1.78442817727984,-0.0230221342700222,0.531148432191211
1.99505209665852,-0.128344142014104,-0.310506193938092
-0.31847491075899,-0.0609309715807546,1.33616484378497
-0.737427181069411,0.776852855506902,1.38441305882539
1.21096983460571,0.593247753986785,0.871463369281557
-0.821031619229162,2.15877463813206,0.0172727558381894
0.299946555295538,0.286768326924297,-0.646305424009647
0.483760428436475,1.30053732648947,1.19208174836052
1.56593419604962,0.30876840941311,-0.8075864961196
-2.08570918193824,-0.979511825904298,0.639161221205915
-1.26005135544119,1.47512526329293,-0.440840574856025
-1.81758697705006,-2.11261603306617,-0.516222493174562
-1.00972558675808,1.57693165139793,-0.772342349578142
0.929258308787457,-1.04597182920964,-0.369092439813507
-1.77473857390466,-0.0840898407000668,-0.493560835305683
0.359291495972221,0.549388338685599,-0.543586491607762
-0.456302850272632,0.2075315452748,0.920446171612049
1.37484714536465,0.673289412918285,1.35403401743948
-1.2917921263506,0.380587550792964,-1.58521366056573
-0.746764334770663,-1.31038061243802,0.692539722704265
0.693909120005585,0.0115248714446289,0.367941849312704
0.000132481912722352,0.656976808194867,-0.462597083626968
-1.06869063907092,-0.617773606887749,2.30721492557507
0.506493359092397,0.385311272872842,0.620300754291722
1.50095807270463,-0.362462666431865,0.887636268961271
-0.398143224283497,-1.9067103868324,1.15104286012951
1.4743036609112,-0.226502910148994,1.46193502444658
0.0587361113384135,-0.136416815416452,-0.353585207471407
-0.184668491085222,0.0465363757907679,2.52493629715864
0.476465647076126,0.733054850627598,0.190544946042471
1.80358004225797,-0.1780190089255,2.24670405510104
1.45553053425457,0.174040193282175,-0.370846987083822
0.195127168308813,-0.928912828806753,-0.390217045122904
0.119461436106104,-0.919353834677388,1.03995777478964
0.549682336131689,-1.04581899271193,-0.19287482936263
0.275511576424032,-2.41390725078046,0.0783992009217652
-0.0898186571114636,-0.0898295470493893,0.380748486433515
-0.426368529483784,1.08118268958817,1.57358451605949
0.825156843493246,0.11655316906694,0.530018775427371
-0.27117867443971,-0.842369388256507,-0.339427335792538
0.109022858748263,0.498648162568559,0.0282095680874832
0.509760638733833,-0.248874461719962,-0.617396317105817
-0.176803667381268,1.40889824967781,1.01987105762172
1.29256617909624,2.88615247816146,0.370126895149562
-1.00986289217899,0.711213154127405,1.25284434697332
-0.183038535038287,-0.310299731808836,1.11774237408923
1.25721218723368,0.0490903032289766,0.444958481191856
0.0595255448735592,-0.861067442617266,-0.194552588454159
-1.69767418997069,0.194633048459114,-0.648508734256589
-1.09623310832923,0.882046610435983,0.030779281662424
0.0850617456546272,-0.566917510321669,0.862737233779364
0.909393043931071,-0.748997811937415,-1.7597572808758
-0.487705270175083,-0.381575521237072,0.494939884054817
-2.31486047735433,-0.360884425719141,0.05070138853
-1.01213789793989,0.962233704988519,0.719250441744516
-1.0986341409855,0.552869195236011,-0.521194420956205
2.60383320629828,-1.3763476278684,1.39959830799474
0.312162405565242,0.0172818109275677,-0.2675239192456
0.663536621497977,-0.379796631177439,-2.13386631037325
1.39904982055591,0.914329598675509,0.463105631091151
2.21886778775699,0.22216447393801,0.132706172153236
1.24889457999816,-1.00924665205211,0.739349037169273
-0.567850172587517,-0.930554043393835,1.17746640918627
-2.04919873688941,1.33698061348412,1.58568484094546
-0.394213263735308,1.2232654174085,-0.818034427366966
-1.44573573776085,1.79010942603186,3.1741851485035
0.711219950755235,-1.56571399342827,1.69136586707332
0.668533401071328,0.74558376883888,1.99125090733141
1.06297206485129,0.881929969087428,-1.0284557754242
0.408794077249779,1.77270264961927,0.0677926522120394
-0.597630783586792,0.843900661396643,0.518753571605406
-0.515862057217261,0.106707847846103,1.71034599363333
0.573742122813648,-0.788215592061955,0.792629882579092
1.92209336005065,-1.32537237200898,1.0049423231482
-0.472401227800462,-1.80854238953126,-0.85928878053691
0.920294154803831,-0.674703451158826,-0.352580502807315
-1.36231843471484,-0.371615687324689,0.162725919205967
-0.827202247025141,2.36360718177873,-0.565982255228526
0.659901217921148,0.890529373325905,-1.16697936751624
1.84859830223414,-1.05014143993399,3.17830433875781
0.481194547252718,0.636670016816867,1.23574246653302
0.95306928201514,-1.03766440681095,-0.0489638398561463
0.767270683137498,-0.0383944590480386,0.651818061087953
-0.366791101838732,-0.343431821989148,0.556841541063164
-0.592339276743729,-0.276487924976166,-0.0348016344933962
0.277829512588047,0.538124373073526,-0.782238755078751
1.25755246889439,-0.293035285490676,0.811824720353915
0.536817593156643,1.88671546851909,0.253396501690778
-0.141364224639276,0.426398693305782,1.21210012435141
0.438572675753668,0.690295972602964,-0.171098736008766
-0.442044744848141,2.15730633963424,1.23805093141056
0.974723869591669,0.226862709860078,-1.76984576672926
0.438611230233471,-0.413235503838057,-1.03173754906522
-2.5728600673263,0.825811755050576,0.174476430590669
-2.50567301288939,-0.679922849790808,0.47063451000076
-0.588302679578247,-0.508438511205206,-0.595093747623312
-0.147332797369806,0.151129176569402,0.358789148023897
0.343191865375997,0.303167473892263,-0.513038006085619
-0.282014426642189,-0.293560155085332,-1.54332046609014
-0.923924900725178,-0.920874918338045,0.470046201724263
-1.23364431407538,0.42802183710933,0.794827650594846
1.37264519877916,-0.568136512394154,1.60495589269904
-0.49872706136792,-1.57715703438377,-0.712761367909436
0.354257800513838,-1.24246886304926,-1.75515662370622
0.0403893165700532,0.802115936505382,0.516455903375478
-1.46300618488889,-0.372869105538188,0.467146944708694
0.967747480126751,-0.482446891520143,-1.96707566882163
-0.0359481723762788,1.31211063737114,1.86770453214336
1.12092590922322,-0.38556412218305,-0.52246096135045
-0.671319106563528,-0.191309957146209,1.82481981055864
-1.58929919062465,-1.24976659758478,0.475563178675514
1.45090006194162,-0.179557977979497,1.59378932174183
0.200205514903929,0.178282211770246,-0.929409391651168
-2.10085424563064,-0.402592388663104,0.872031043556765
0.164473079361819,-0.315957950567237,-1.64460698749191
-0.781016114246039,0.620275216910061,1.1008031536539
0.0566287266841014,-0.477131486155799,-0.413367879106045
-0.434237974629902,1.70983042654875,0.247895319687018
-0.854718604067817,-0.0810798876255166,-1.71163828793292
-1.42087828202522,-0.404019945377303,0.00820793281031599
0.035487133298292,1.59258809077431,0.84122692598756
-0.0170232714598676,1.22884683914103,-0.424471432235638
2.18942604183251,2.19157633456108,-0.204569625459229
0.153661619979562,-0.502283476660936,0.368309976246468
-0.511940240330584,0.0969480389809736,0.248885077106575
-0.525272580505128,-0.714788609426753,2.24120943942588
0.354739523858962,0.553954719272757,-0.15879458447651
0.395376638242397,-1.62140374737753,1.83803180158517
1.21828923118104,1.25885855124285,0.198163058241252
1.41570477861432,1.81270924731035,-0.51790091970933
-0.0463713247660088,0.434243809721292,0.784399002215203
-2.28559159094967,-0.445216180043839,0.751797534896184
-0.609559159375693,-0.245326634666901,-0.12014962545765
-1.24772565820771,0.384559058492583,-1.05748291014423
-1.80342559750633,1.21956683722844,0.422690845138053
0.403709137048327,1.12957595462238,0.63353552428344
-0.669559015112981,-1.34481407147931,0.0383623365929021
0.432348585889349,-0.149016786190689,-2.49514555564044
-0.393995270490832,1.69879912717458,0.513773236150173
0.111506801967611,0.866084715118693,2.088854057629
1.84357181376367,1.07384485010042,-1.12630251913652
-2.80971737950001,-0.479780885172933,-0.876946936681987
-0.0481457331453865,0.0830096764014921,-0.127270943195844
0.436608552766131,-0.660070467298936,-0.483163732315074
1.28949337771024,-0.209396306565083,0.168403865068143
-1.18967684209281,1.17206342901392,0.837892487827032
0.04109179713514,-0.687362149214623,2.24344507349809
-0.380513532082274,1.60403339967892,0.393639706411534
1.18032823535485,0.511137788962547,-2.08745875645457
0.195809863905051,1.80771805946959,1.0045052776267
0.696973527202631,-0.765950235894676,0.685133237168436
0.92673538714601,1.24576767928398,-1.33586147822942
1.12303272421181,1.27727532865382,-1.38729553477591
-0.502441318568379,-1.14229146194292,1.54047081546891
0.73595897601494,-0.146606058930868,-0.293567835958891
-0.563834371882136,-0.791385078237297,-0.177773402591065
0.497194809579569,-0.381846734290095,0.0269181675059543
0.983555355971263,0.285055541596309,-0.0934232259409144
-0.737658967219431,0.170317098297039,-1.30208242457827
0.459635931842906,-1.20593517862906,-0.211487275810028
0.166796610744861,-0.239191481799924,-0.574924728700627
0.689876600964969,-2.88582383811067,-1.15118383209984
-0.169890131180234,-1.00412963012821,1.05089973237719
0.215006750054181,0.25113061052327,-0.387259301730988
0.343572011948701,0.623994435411325,-1.2754930094231
-0.329980118188668,0.267716523755086,-0.613299491195884
0.0993272027677818,-1.83558556277074,1.31034993569326
0.267305715325318,-0.614219000114007,-0.0380018766088585
0.29595736059075,-0.916701573145204,0.928468298579591
-0.365749522111886,-0.456060729410444,0.883246249997187
-2.03020973705556,0.955695602305613,-0.0631459119471035
0.14514730710428,-0.441222448435891,-1.12874535090035
0.71648487443671,0.729445174613288,1.21014590768924
0.388395199586539,0.0172538915146656,-0.803586451995511
0.587717965453967,0.307310829480914,-0.820293332846456
-0.0718127699914079,-1.65590387267576,-0.336978182194961
-1.0850546371327,0.00616293155126748,0.116179077075614
-0.261965418735055,-1.33759531569976,-1.48477335706831
-0.212025744799567,0.353687093529873,1.6292146665781
-0.239888589557376,0.554122004913967,1.98657918649441
-0.237373047969632,1.1637418790203,0.460139092556167
-0.658761960901274,0.150864629069539,1.7992250225372
2.14259213538578,-0.130514996617085,-0.0147213914955704
-1.01888979340851,-0.799380456540296,1.42372616219437
0.612967753191115,2.2831997866528,0.0662889705971725
0.26706653467271,-0.707093133637204,0.521175104070876
-0.0692385456529709,-0.490818938507708,-1.21917662739701
-0.034557879394458,-0.477657526808986,-0.53464984972582
-0.897718136480569,2.64707041936942,-0.618149446767418
0.203377080455777,-0.460755325040697,1.39705996715787
0.129850806027218,2.23677442987021,0.114795907492602
0.292509409390737,1.35375882823012,1.04111283367703
0.411755688001165,-0.205868843980368,1.67079069964845
0.504161272303496,-0.72476484344909,1.47260449794922
1.00867788312605,-0.237516709601003,0.667866343678168
-0.314349685341087,-0.309564441862245,-0.0754422349435756
-1.16498562268278,0.679435270184414,-0.689513837928336
1.02068405922546,-1.63537849775261,-0.219649805529565
0.481332615659894,-2.49993569993095,0.280299342027819
-1.52514969030293,0.840812050024337,-0.156983476186767
-0.113041462053323,1.91483932269263,-0.41025283006866
0.770121918175519,1.81555770855133,1.51672514204844
-1.27691678029559,1.51952036878905,-0.514805454583603
-0.468686179411316,0.567210334713148,-0.187189842225524
0.86046420473265,-0.121158105536199,1.19614566301891
-0.657232386912991,-1.00554542262404,-1.18214795378004
-1.13995950045744,0.0190641574062639,-1.65517162537046
0.290783554219032,0.687037524088797,-1.83963299543763
-0.240426870219285,0.552920246761741,-1.36353986345762
0.201515839303113,-0.178747109097431,-0.534055898786268
-1.05881164660912,-1.35460491274481,-1.35077844412102
-0.264821645880739,-2.28684527467885,0.89378257252997
0.81511015434551,-2.30093833672615,0.707492981975146
1.50418547221342,-0.0958451793566482,-0.994817219989296
0.696773316868862,1.69290356864002,0.716347124465426
0.625866532288969,0.99862386777846,-0.930822941388125
1.08198753400318,0.218929237922547,1.16958284079514
0.481749185125669,-0.91042593604139,-1.74946599261344
1.80715880569366,-0.944599689169473,1.07859693036264
-0.213569571846049,-0.262058294651837,-0.0925617048043463
0.0303549531861713,0.287988241320059,1.14517918333388
0.957763800785935,-0.803647457423541,-0.453222730277911
-2.12808331222638,-0.720488736315009,0.474363817880913
0.0271083546941608,-0.474685790214205,-0.427721551241018
-0.389796085216349,-0.873387844426064,0.623041285692676
-0.398678241152476,-0.566455531171228,-2.68412050173551
-0.130507198474328,-1.71607295423237,1.18600279314919
-1.24268910992085,-1.74852975830751,0.955955686006244
1.73863127792097,-0.222763166978821,-1.40611164844185
0.221285466339035,-0.102796003395053,-1.87722906314319
-1.42169620755002,0.0982420951539555,-1.78768660784896
-0.481694784259547,1.44370104330306,-0.161920508665683
-0.0575576809714476,1.76551634614559,0.744845980575554
1.73252708089735,-0.770933226902956,-0.456232261245936
0.522808999310549,-0.165084251031405,0.768034168223425
1.48579200130996,0.331093596361509,-1.34578734830758
0.132485029663796,1.72051436546281,0.186805412144969
-0.233643852372777,1.54612181025316,0.85358673198355
-0.907065251643077,3.21962174092664,0.113812808798494
0.445372645752475,0.527289319231425,-0.978224865569875
1.01259308047933,-1.92491790904541,0.445344583525025
-0.722128348307631,-1.75895133528849,-1.67816259808338
-1.23566269236274,0.562996299322849,-0.360712485723963
1.50019727028536,-0.0472930521591498,-1.15846932900612
-0.517422024802709,-0.279676477582396,0.0281711954899383
1.40680425747555,-0.60215743917796,-0.391460822459237
1.95397761988977,1.99329607160057,-0.321927729120477
0.757400892799588,1.0925715341888,-0.0853050354892303
0.816020036033317,1.32914099532387,1.99225715640564
-0.561779601017032,1.37638184449495,0.449752802498321
1.1479121751143,-0.638580290209942,0.107174609902997
-1.03227569210908,0.840437494315758,-0.180516546662517
0.0553445666331823,-0.662513235308124,0.127949032534316
2.59297793062257,1.43847062116139,-1.0326114564977
1.77479520822144,-0.317877942170034,-0.888758230901306
3.27703548140886,-1.70176686757282,0.394970198532681
-0.444775144987425,-2.3002629131974,1.80732218219477
-1.11475349060703,-1.02842020163902,0.0380326706073609
-0.0492212295083143,1.1288889548577,-1.45616871021434
0.398752974046934,-0.542468002843277,-1.22710705013803
1.29255703195908,1.16764528238643,0.639223640659096
-0.174405243130144,1.52786146615145,-1.22806677512105
-0.401320689440748,-0.41617677012773,-0.731064248717209
0.976841042559028,0.0280928967384383,1.4126451445136
-1.61660681728004,-0.21656541673848,-0.915846922621396
-1.4560374688604,0.192400541916994,-2.31186644365259
1.43859369976112,1.69569903864478,-0.923474509199647
0.128544206337144,-0.389898988026844,1.19510335575218
-0.257270754158837,-0.359230979773729,0.324199884593974
-2.5951343253074,-0.530647623956729,-2.29872146747829
0.173609931862248,-0.711187966332531,-2.10128363452984
0.530178798447171,0.0574195863008715,0.319099221677195
0.468517615231594,0.303934438257499,-0.711744167137321
0.478757574335905,-1.3565138987315,-1.73892606574324
0.456666356204977,0.290326223724009,0.504417667368572
0.956974973065728,-0.961743797568408,-1.13721634320953
0.923945426552425,-0.131338509345588,-0.292048692751793
0.677373861238613,-0.0729253670641629,0.0748064183411255
-0.704175980990564,-0.518020980561611,-0.190615855347769
-0.197965530830296,1.29629814078919,-0.438851408292124
-0.549085743765799,0.438696638210478,1.35639220204203
0.583263308589169,0.760220920890288,-0.308832438312622
-0.877553511634142,0.572345306094375,-0.0387871238196403
1.07805559031517,-2.15544753283275,0.723207712189035
-0.243753995652679,-1.66589567551615,2.38472447059964
-1.24148232158711,-0.437053874056564,-0.505974487170928
1.24022800012453,0.527254175332958,0.767490120508679
-0.778827955440873,1.18156322672552,-1.48240909576624
-0.69745241363084,-0.307484374711846,-0.3824749360222
-0.35419147348735,2.74800069202345,-0.263595810419129
0.394681684823937,0.0489655983624017,-0.391740305077634
-1.94617655318773,1.10980980217426,-0.157530801266257
0.000584577337662849,-0.823814837677575,0.0214891800031345
-1.18756760784933,-0.426799044601945,-0.339873071941298
1.05452573030951,-0.791872970603829,1.19684398443717
0.415768970517318,0.0551335627351254,0.383767156333116
0.436769802495112,-0.401530114981848,-0.525126704048326
-0.306611330939673,1.58869671467268,1.52820695592505
-1.49372777369939,0.689063966423322,0.877079322449477
0.589384052479737,-0.0819388653063086,-1.55009089151261
-0.304658643160233,-1.52244296128145,0.167949687881772
0.363365761290466,1.28515815331634,0.947770082464648
1.41068462506366,0.0812044017390278,-0.505127181131061
-0.218594507582675,-0.982448014541165,0.225772186732778
-0.0142123513174162,0.874460546942373,1.93064300462102
0.622647429112192,0.704631147835291,1.7894015463205
1.31692294052558,0.309234285129067,0.301382566347006
0.462343294535741,-0.377789769880859,2.09543901306633
0.541072549480541,0.658478828168891,-1.51332458876333
0.122728758404313,-0.179748034215506,0.598615726068298
-0.904412725719725,-1.46992118142969,-0.69847802280384
-0.145455224795445,-0.813638926096402,0.504124994802951
1.8080876245521,-0.0204164338073098,2.12279570846874
1.18566684070066,-0.743741756298985,0.538157861660141
0.601266970571976,0.850093542876394,2.35273187121841
0.568733433616439,-1.82633867762298,-1.03037728720215
0.308193236278051,-0.596876854245571,-0.281658647339769
-0.913458998303295,-0.992195577143004,-1.9041951844433
-1.69038502956609,0.78047559321349,0.264942544171836
0.0295120451770053,-0.0225258825135664,0.905442868910703
0.0877890249436724,-0.820228533937329,0.0245686601815306
0.973015159634087,-0.77078122927946,1.19767502162091
-0.245323845849351,1.78245537878063,-0.210067356569807
0.791648416262223,0.778422762550856,-0.509961712139521
0.700906770757132,0.203204169033522,0.283033561515532
1.23795861381027,-0.770555071694296,0.195509921525379
-0.211304690420294,0.136960168466103,-1.24762576938326
0.255758920988572,-1.90546074441895,2.95068726998859
1.48867039875093,-0.134727219881042,-0.999354757296069
-0.804996608321813,-1.8669044180867,1.63543036499153
1.35109089588021,0.156849640275493,-0.85622822193154
-0.142590395235297,-0.661986040503764,-0.185624021207167
0.512193753492703,0.129526543894503,-0.96652279015357
-0.113179842895244,-0.165130706912413,0.0791950398957802
-0.997827034561495,-1.15981048362878,0.869366460536226
-0.26293911401271,1.87268616779487,-0.210437963962028
-1.76207392703756,1.89383252735027,1.24472313761988
-0.0742213520994002,-3.00263863443648,-1.89276844770179
0.815293637420938,1.24507342958665,-0.980517082824867
0.706779584016499,-0.07519581380251,0.313667453717343
-2.82728413270979,-0.0497404040601101,1.71706356814784
0.351945336043971,0.440664672632264,0.227007445662791
1.65206509871977,-1.75720565211652,-1.02335097282744
1.01471852437958,-0.582732776225269,-0.202995882111562
